Workbook

Sheet Sheet1
A1: No | B1: HAC | C1: ECO | D1: PRICE | F1: CRD | G1: HAC | H1: ECO | I1: PRICE
A2: 1 | B2: 1 | C2: 1 | D2: 1 | F2: 1 | G2: No | H2: No | I2: 145yen
A3: 4 | B3: 2 | C3: 2 | D3: 1 | F3: 4 | G3: Yes | H3: Yes | I3: 145yen
A4: 5 | B4: 1 | C4: 1 | D4: 2 | F4: 5 | G4: No | H4: No | I4: 150yen
A5: 8 | B5: 2 | C5: 2 | D5: 2 | F5: 8 | G5: Yes | H5: Yes | I5: 150yen
A6: 10 | B6: 2 | C6: 1 | D6: 3 | F6: 10 | G6: Yes | H6: No | I6: 155yen
A7: 11 | B7: 1 | C7: 2 | D7: 3 | F7: 11 | G7: No | H7: Yes | I7: 155yen
A8: 14 | B8: 2 | C8: 1 | D8: 4 | F8: 14 | G8: Yes | H8: No | I8: 160yen
A9: 15 | B9: 1 | C9: 2 | D9: 4 | F9: 15 | G9: No | H9: Yes | I9: 160yen

Sheet Sheet2
A1: STR | B1: CRD.A | C1: CRD.B | D1: RES | E1: HAC.A | F1: ECO.A | G1: PRI.A | H1: HAC.B | I1: ECO.B | J1: PRI.B
B2: 1 | C2: 14 | E2: =_xlfn.XLOOKUP($B2,Sheet1!$F$1:$F$9,Sheet1!G$1:G$9) -> No | F2: =_xlfn.XLOOKUP($B2,Sheet1!$F$1:$F$9,Sheet1!H$1:H$9) -> No | G2: =_xlfn.XLOOKUP($B2,Sheet1!$F$1:$F$9,Sheet1!I$1:I$9) -> 145yen | H2: =_xlfn.XLOOKUP($C2,Sheet1!$F$1:$F$9,Sheet1!G$1:G$9) -> Yes | I2: =_xlfn.XLOOKUP($C2,Sheet1!$F$1:$F$9,Sheet1!H$1:H$9) -> No | J2: =_xlfn.XLOOKUP($C2,Sheet1!$F$1:$F$9,Sheet1!I$1:I$9) -> 160yen
B3: 10 | C3: 4 | E3: =_xlfn.XLOOKUP($B3,Sheet1!$F$1:$F$9,Sheet1!G$1:G$9) -> Yes | F3: =_xlfn.XLOOKUP($B3,Sheet1!$F$1:$F$9,Sheet1!H$1:H$9) -> No | G3: =_xlfn.XLOOKUP($B3,Sheet1!$F$1:$F$9,Sheet1!I$1:I$9) -> 155yen | H3: =_xlfn.XLOOKUP($C3,Sheet1!$F$1:$F$9,Sheet1!G$1:G$9) -> Yes | I3: =_xlfn.XLOOKUP($C3,Sheet1!$F$1:$F$9,Sheet1!H$1:H$9) -> Yes | J3: =_xlfn.XLOOKUP($C3,Sheet1!$F$1:$F$9,Sheet1!I$1:I$9) -> 145yen
B4: 8 | C4: 15 | E4: =_xlfn.XLOOKUP($B4,Sheet1!$F$1:$F$9,Sheet1!G$1:G$9) -> Yes | F4: =_xlfn.XLOOKUP($B4,Sheet1!$F$1:$F$9,Sheet1!H$1:H$9) -> Yes | G4: =_xlfn.XLOOKUP($B4,Sheet1!$F$1:$F$9,Sheet1!I$1:I$9) -> 150yen | H4: =_xlfn.XLOOKUP($C4,Sheet1!$F$1:$F$9,Sheet1!G$1:G$9) -> No | I4: =_xlfn.XLOOKUP($C4,Sheet1!$F$1:$F$9,Sheet1!H$1:H$9) -> Yes | J4: =_xlfn.XLOOKUP($C4,Sheet1!$F$1:$F$9,Sheet1!I$1:I$9) -> 160yen
B5: 5 | C5: 1 | E5: =_xlfn.XLOOKUP($B5,Sheet1!$F$1:$F$9,Sheet1!G$1:G$9) -> No | F5: =_xlfn.XLOOKUP($B5,Sheet1!$F$1:$F$9,Sheet1!H$1:H$9) -> No | G5: =_xlfn.XLOOKUP($B5,Sheet1!$F$1:$F$9,Sheet1!I$1:I$9) -> 150yen | H5: =_xlfn.XLOOKUP($C5,Sheet1!$F$1:$F$9,Sheet1!G$1:G$9) -> No | I5: =_xlfn.XLOOKUP($C5,Sheet1!$F$1:$F$9,Sheet1!H$1:H$9) -> No | J5: =_xlfn.XLOOKUP($C5,Sheet1!$F$1:$F$9,Sheet1!I$1:I$9) -> 145yen
B6: 11 | C6: 8 | E6: =_xlfn.XLOOKUP($B6,Sheet1!$F$1:$F$9,Sheet1!G$1:G$9) -> No | F6: =_xlfn.XLOOKUP($B6,Sheet1!$F$1:$F$9,Sheet1!H$1:H$9) -> Yes | G6: =_xlfn.XLOOKUP($B6,Sheet1!$F$1:$F$9,Sheet1!I$1:I$9) -> 155yen | H6: =_xlfn.XLOOKUP($C6,Sheet1!$F$1:$F$9,Sheet1!G$1:G$9) -> Yes | I6: =_xlfn.XLOOKUP($C6,Sheet1!$F$1:$F$9,Sheet1!H$1:H$9) -> Yes | J6: =_xlfn.XLOOKUP($C6,Sheet1!$F$1:$F$9,Sheet1!I$1:I$9) -> 150yen
B7: 4 | C7: 10 | E7: =_xlfn.XLOOKUP($B7,Sheet1!$F$1:$F$9,Sheet1!G$1:G$9) -> Yes | F7: =_xlfn.XLOOKUP($B7,Sheet1!$F$1:$F$9,Sheet1!H$1:H$9) -> Yes | G7: =_xlfn.XLOOKUP($B7,Sheet1!$F$1:$F$9,Sheet1!I$1:I$9) -> 145yen | H7: =_xlfn.XLOOKUP($C7,Sheet1!$F$1:$F$9,Sheet1!G$1:G$9) -> Yes | I7: =_xlfn.XLOOKUP($C7,Sheet1!$F$1:$F$9,Sheet1!H$1:H$9) -> No | J7: =_xlfn.XLOOKUP($C7,Sheet1!$F$1:$F$9,Sheet1!I$1:I$9) -> 155yen
B8: 15 | C8: 11 | E8: =_xlfn.XLOOKUP($B8,Sheet1!$F$1:$F$9,Sheet1!G$1:G$9) -> No | F8: =_xlfn.XLOOKUP($B8,Sheet1!$F$1:$F$9,Sheet1!H$1:H$9) -> Yes | G8: =_xlfn.XLOOKUP($B8,Sheet1!$F$1:$F$9,Sheet1!I$1:I$9) -> 160yen | H8: =_xlfn.XLOOKUP($C8,Sheet1!$F$1:$F$9,Sheet1!G$1:G$9) -> No | I8: =_xlfn.XLOOKUP($C8,Sheet1!$F$1:$F$9,Sheet1!H$1:H$9) -> Yes | J8: =_xlfn.XLOOKUP($C8,Sheet1!$F$1:$F$9,Sheet1!I$1:I$9) -> 155yen
B9: 14 | C9: 5 | E9: =_xlfn.XLOOKUP($B9,Sheet1!$F$1:$F$9,Sheet1!G$1:G$9) -> Yes | F9: =_xlfn.XLOOKUP($B9,Sheet1!$F$1:$F$9,Sheet1!H$1:H$9) -> No | G9: =_xlfn.XLOOKUP($B9,Sheet1!$F$1:$F$9,Sheet1!I$1:I$9) -> 160yen | H9: =_xlfn.XLOOKUP($C9,Sheet1!$F$1:$F$9,Sheet1!G$1:G$9) -> No | I9: =_xlfn.XLOOKUP($C9,Sheet1!$F$1:$F$9,Sheet1!H$1:H$9) -> No | J9: =_xlfn.XLOOKUP($C9,Sheet1!$F$1:$F$9,Sheet1!I$1:I$9) -> 150yen

Sheet Sheet3
A1: question | C1: INT.A | D1: HAC.A | E1: ECO.A | F1: PRI.A | G1: INT.B | H1: HAC.B | I1: ECO.B | J1: PRI.B | K1: INT.C | L1: HAC.C | M1: ECO.C | N1: PRI.C
A2: 1 | C2: 1 | D2: 0 | E2: 0 | F2: 145 | G2: 1 | H2: 1 | I2: 0 | J2: 160 | K2: 0 | L2: 0 | M2: 0 | N2: 0
A3: 2 | C3: 1 | D3: 1 | E3: 0 | F3: 155 | G3: 1 | H3: 1 | I3: 1 | J3: 145 | K3: 0 | L3: 0 | M3: 0 | N3: 0
A4: 3 | C4: 1 | D4: 1 | E4: 1 | F4: 150 | G4: 1 | H4: 0 | I4: 1 | J4: 160 | K4: 0 | L4: 0 | M4: 0 | N4: 0
A5: 4 | C5: 1 | D5: 0 | E5: 0 | F5: 150 | G5: 1 | H5: 0 | I5: 0 | J5: 145 | K5: 0 | L5: 0 | M5: 0 | N5: 0
A6: 5 | C6: 1 | D6: 0 | E6: 1 | F6: 155 | G6: 1 | H6: 1 | I6: 1 | J6: 150 | K6: 0 | L6: 0 | M6: 0 | N6: 0
A7: 6 | C7: 1 | D7: 1 | E7: 1 | F7: 145 | G7: 1 | H7: 1 | I7: 0 | J7: 155 | K7: 0 | L7: 0 | M7: 0 | N7: 0
A8: 7 | C8: 1 | D8: 0 | E8: 1 | F8: 160 | G8: 1 | H8: 0 | I8: 1 | J8: 155 | K8: 0 | L8: 0 | M8: 0 | N8: 0
A9: 8 | C9: 1 | D9: 1 | E9: 0 | F9: 160 | G9: 1 | H9: 0 | I9: 0 | J9: 150 | K9: 0 | L9: 0 | M9: 0 | N9: 0

Sheet Sheet4
A1: 1 | B1: 3 | C1: 2 | D1: 2 | E1: 1 | F1: 3 | G1: 3 | H1: 1 | I1: 3
A2: 2 | B2: 3 | C2: 2 | D2: 1 | E2: 3 | F2: 2 | G2: 1 | H2: 3 | I2: 1
A3: 3 | B3: 1 | C3: 2 | D3: 3 | E3: 1 | F3: 1 | G3: 1 | H3: 2 | I3: 1
A4: 4 | B4: 3 | C4: 3 | D4: 3 | E4: 1 | F4: 2 | G4: 1 | H4: 3 | I4: 3
A5: 5 | B5: 3 | C5: 2 | D5: 1 | E5: 1 | F5: 3 | G5: 1 | H5: 3 | I5: 3
A6: 6 | B6: 1 | C6: 3 | D6: 3 | E6: 3 | F6: 3 | G6: 1 | H6: 3 | I6: 3
A7: 7 | B7: 3 | C7: 3 | D7: 3 | E7: 1 | F7: 2 | G7: 1 | H7: 3 | I7: 3
A8: 8 | B8: 2 | C8: 2 | D8: 3 | E8: 2 | F8: 2 | G8: 3 | H8: 3 | I8: 1
A9: 9 | B9: 3 | C9: 2 | D9: 2 | E9: 2 | F9: 2 | G9: 1 | H9: 3 | I9: 2
A10: 10 | B10: 3 | C10: 1 | D10: 3 | E10: 3 | F10: 2 | G10: 2 | H10: 3 | I10: 3
A17: 3
A18: 2
A19: 2
A20: 1
A21: 3
A22: 3
A23: 1
A24: 3
A25: 3
A26: 2
A27: 1
A28: 3
... A96: 3

Sheet Sheet5
A1: id | B1: choice | C1: ind.A | D1: haccp.A | E1: eco.A | F1: price.A | G1: ind.B | H1: haccp.B | I1: eco.B | J1: price.B | K1: ind.C | L1: haccp.C | M1: eco.C | N1: price.C
A2: 101 | B2: 3 | C2: 1 | D2: 0 | E2: 0 | F2: 145 | G2: 1 | H2: 1 | I2: 0 | J2: 160 | K2: 0 | L2: 0 | M2: 0 | N2: 0
A3: =A2+1 -> 102 | B3: 2 | C3: 1 | D3: 1 | E3: 0 | F3: 155 | G3: 1 | H3: 1 | I3: 1 | J3: 145 | K3: 0 | L3: 0 | M3: 0 | N3: 0
A4: =A3+1 -> 103 | B4: 2 | C4: 1 | D4: 1 | E4: 1 | F4: 150 | G4: 1 | H4: 0 | I4: 1 | J4: 160 | K4: 0 | L4: 0 | M4: 0 | N4: 0
A5: =A4+1 -> 104 | B5: 1 | C5: 1 | D5: 0 | E5: 0 | F5: 150 | G5: 1 | H5: 0 | I5: 0 | J5: 145 | K5: 0 | L5: 0 | M5: 0 | N5: 0
A6: =A5+1 -> 105 | B6: 3 | C6: 1 | D6: 0 | E6: 1 | F6: 155 | G6: 1 | H6: 1 | I6: 1 | J6: 150 | K6: 0 | L6: 0 | M6: 0 | N6: 0
A7: =A6+1 -> 106 | B7: 3 | C7: 1 | D7: 1 | E7: 1 | F7: 145 | G7: 1 | H7: 1 | I7: 0 | J7: 155 | K7: 0 | L7: 0 | M7: 0 | N7: 0
A8: =A7+1 -> 107 | B8: 1 | C8: 1 | D8: 0 | E8: 1 | F8: 160 | G8: 1 | H8: 0 | I8: 1 | J8: 155 | K8: 0 | L8: 0 | M8: 0 | N8: 0
A9: =A8+1 -> 108 | B9: 3 | C9: 1 | D9: 1 | E9: 0 | F9: 160 | G9: 1 | H9: 0 | I9: 0 | J9: 150 | K9: 0 | L9: 0 | M9: 0 | N9: 0
A10: =A2+100 -> 201 | B10: 3 | C10: 1 | D10: 0 | E10: 0 | F10: 145 | G10: 1 | H10: 1 | I10: 0 | J10: 160 | K10: 0 | L10: 0 | M10: 0 | N10: 0
A11: =A3+100 -> 202 | B11: 2 | C11: 1 | D11: 1 | E11: 0 | F11: 155 | G11: 1 | H11: 1 | I11: 1 | J11: 145 | K11: 0 | L11: 0 | M11: 0 | N11: 0
A12: =A4+100 -> 203 | B12: 1 | C12: 1 | D12: 1 | E12: 1 | F12: 150 | G12: 1 | H12: 0 | I12: 1 | J12: 160 | K12: 0 | L12: 0 | M12: 0 | N12: 0
A13: =A5+100 -> 204 | B13: 3 | C13: 1 | D13: 0 | E13: 0 | F13: 150 | G13: 1 | H13: 0 | I13: 0 | J13: 145 | K13: 0 | L13: 0 | M13: 0 | N13: 0
A14: =A6+100 -> 205 | B14: 2 | C14: 1 | D14: 0 | E14: 1 | F14: 155 | G14: 1 | H14: 1 | I14: 1 | J14: 150 | K14: 0 | L14: 0 | M14: 0 | N14: 0
A15: =A7+100 -> 206 | B15: 1 | C15: 1 | D15: 1 | E15: 1 | F15: 145 | G15: 1 | H15: 1 | I15: 0 | J15: 155 | K15: 0 | L15: 0 | M15: 0 | N15: 0
A16: =A8+100 -> 207 | B16: 3 | C16: 1 | D16: 0 | E16: 1 | F16: 160 | G16: 1 | H16: 0 | I16: 1 | J16: 155 | K16: 0 | L16: 0 | M16: 0 | N16: 0
A17: =A9+100 -> 208 | B17: 1 | C17: 1 | D17: 1 | E17: 0 | F17: 160 | G17: 1 | H17: 0 | I17: 0 | J17: 150 | K17: 0 | L17: 0 | M17: 0 | N17: 0
A18: =A10+100 -> 301 | B18: 1 | C18: 1 | D18: 0 | E18: 0 | F18: 145 | G18: 1 | H18: 1 | I18: 0 | J18: 160 | K18: 0 | L18: 0 | M18: 0 | N18: 0
A19: =A11+100 -> 302 | B19: 2 | C19: 1 | D19: 1 | E19: 0 | F19: 155 | G19: 1 | H19: 1 | I19: 1 | J19: 145 | K19: 0 | L19: 0 | M19: 0 | N19: 0
A20: =A12+100 -> 303 | B20: 3 | C20: 1 | D20: 1 | E20: 1 | F20: 150 | G20: 1 | H20: 0 | I20: 1 | J20: 160 | K20: 0 | L20: 0 | M20: 0 | N20: 0
A21: =A13+100 -> 304 | B21: 1 | C21: 1 | D21: 0 | E21: 0 | F21: 150 | G21: 1 | H21: 0 | I21: 0 | J21: 145 | K21: 0 | L21: 0 | M21: 0 | N21: 0
... A81: =A73+100 -> 1008 | B81: 3 | C81: 1 | D81: 1 | E81: 0 | F81: 160 | G81: 1 | H81: 0 | I81: 0 | J81: 150 | K81: 0 | L81: 0 | M81: 0 | N81: 0
